n,false_activation,miss,type_acc,param_acc,split
537,0.0,0.2737430167597765,0.7262569832402235,0.0,dev
371,0.0,0.431266846361186,0.568733153638814,0.0,test
