{
  "n": 908,
  "false_activation": 0.0,
  "miss": 0.3381057268722467,
  "type_acc": 0.6618942731277533,
  "param_acc": 0.0
}